{
  "manifestVersion": "3.2",
  "proxies": [
    {
      "address": "0xa822D83d72af894D59acF9d03E5042d4A8eAa01f",
      "txHash": "0x877b1dc4ba8101df9d8a579e54dc2dad51500d841dc04590fe98006db7360afe",
      "kind": "uups"
    },
    {
      "address": "0xfE5b4cbf273b3e37F4E4E368218093d564345237",
      "txHash": "0x9d877cefd43fd0021a20c069522a3cfde5a50a2014d3a697214f2c61fa000a05",
      "kind": "uups"
    },
    {
      "address": "0x32435D54a67003BbfBbe5327E10FB906fFB5aa84",
      "txHash": "0xadd00940d69bf84bdbc52912afac600c6d722cfb86ac952b82cf196a6b9eb6d0",
      "kind": "uups"
    },
    {
      "address": "0xB738893861A265e2EceD0eff769890E0EEaD2B2e",
      "txHash": "0x747dd565c5a4b918790a07218e04d2695fb3797704de4763a07650fc4f6e56c4",
      "kind": "uups"
    },
    {
      "address": "0x7C5168756AD5ad9511201Fbc057EaB85B8559E69",
      "txHash": "0x4694d80fca90d220bb51c7f84ffb7f5db1d1322c752eef371bfc5eae0f4291cd",
      "kind": "uups"
    },
    {
      "address": "0x4924F756E954305Aa48F4dC9c42d372B4eed1D41",
      "txHash": "0x299df1344cee90a5343c60239925ebfca77a17519c767beb925701b6e3056e51",
      "kind": "uups"
    },
    {
      "address": "0xd7e8667EFe085db209F709d446430D960eeE0715",
      "txHash": "0x7eee56d98c2aeab0a9f7f9dee21bb09223aae955d705d266af69a903fd336b32",
      "kind": "uups"
    },
    {
      "address": "0xa3CC1a1D7e4d2aE02b9D31E63D859f2413D7Cf27",
      "txHash": "0x60ada30d51f4dd799d9421263195710ebca9cacf47a352617da4a45c6db5ede4",
      "kind": "uups"
    },
    {
      "address": "0x2405965a3CB8748D7065752AdC702Bb907AA2297",
      "txHash": "0xb274191c0956f2a77b2b2ed9f324fd039160a9da7c91ba765b5b2c88c0f22e3c",
      "kind": "uups"
    }
  ],
  "impls": {
    "dd20ffe95c58b979b85131ae980938ce35f0047a4734d4478b984aafad1c2362": {
      "address": "0xCaC7b4b9648E2a5c2835cCd36490fAD7C1091024",
      "txHash": "0x6867c812478c0096affd7e08c6b385e1f889ab1d1f0222d49fc0572fde9ac1bd",
      "layout": {
        "solcVersion": "0.8.26",
        "storage": [
          {
            "label": "globalNonce",
            "offset": 0,
            "slot": "0",
            "type": "t_uint256",
            "contract": "GatewaySend",
            "src": "contracts/GatewaySend.sol:14"
          },
          {
            "label": "gasLimit",
            "offset": 0,
            "slot": "1",
            "type": "t_uint256",
            "contract": "GatewaySend",
            "src": "contracts/GatewaySend.sol:15"
          },
          {
            "label": "DODORouteProxy",
            "offset": 0,
            "slot": "2",
            "type": "t_address",
            "contract": "GatewaySend",
            "src": "contracts/GatewaySend.sol:16"
          },
          {
            "label": "DODOApprove",
            "offset": 0,
            "slot": "3",
            "type": "t_address",
            "contract": "GatewaySend",
            "src": "contracts/GatewaySend.sol:17"
          },
          {
            "label": "gateway",
            "offset": 0,
            "slot": "4",
            "type": "t_contract(GatewayEVM)4009",
            "contract": "GatewaySend",
            "src": "contracts/GatewaySend.sol:18"
          }
        ],
        "types": {
          "t_address": {
            "label": "address",
            "numberOfBytes": "20"
          },
          "t_bool": {
            "label": "bool",
            "numberOfBytes": "1"
          },
          "t_struct(InitializableStorage)211_storage": {
            "label": "struct Initializable.InitializableStorage",
            "members": [
              {
                "label": "_initialized",
                "type": "t_uint64",
                "offset": 0,
                "slot": "0"
              },
              {
                "label": "_initializing",
                "type": "t_bool",
                "offset": 8,
                "slot": "0"
              }
            ],
            "numberOfBytes": "32"
          },
          "t_struct(OwnableStorage)151_storage": {
            "label": "struct OwnableUpgradeable.OwnableStorage",
            "members": [
              {
                "label": "_owner",
                "type": "t_address",
                "offset": 0,
                "slot": "0"
              }
            ],
            "numberOfBytes": "32"
          },
          "t_uint64": {
            "label": "uint64",
            "numberOfBytes": "8"
          },
          "t_contract(GatewayEVM)4009": {
            "label": "contract GatewayEVM",
            "numberOfBytes": "20"
          },
          "t_uint256": {
            "label": "uint256",
            "numberOfBytes": "32"
          }
        },
        "namespaces": {
          "erc7201:openzeppelin.storage.Ownable": [
            {
              "contract": "OwnableUpgradeable",
              "label": "_owner",
              "type": "t_address",
              "src": "@openzeppelin/contracts-upgradeable/access/OwnableUpgradeable.sol:24",
              "offset": 0,
              "slot": "0"
            }
          ],
          "erc7201:openzeppelin.storage.Initializable": [
            {
              "contract": "Initializable",
              "label": "_initialized",
              "type": "t_uint64",
              "src": "@openzeppelin/contracts-upgradeable/proxy/utils/Initializable.sol:69",
              "offset": 0,
              "slot": "0"
            },
            {
              "contract": "Initializable",
              "label": "_initializing",
              "type": "t_bool",
              "src": "@openzeppelin/contracts-upgradeable/proxy/utils/Initializable.sol:73",
              "offset": 8,
              "slot": "0"
            }
          ]
        }
      }
    },
    "086fe6609c3456fab7db1224129fa0135df5aba858d3390a9ddf4414c8d34693": {
      "address": "0x6e04364f4AE6084689e4c467B4C22D5198577330",
      "txHash": "0x8d3ff13e50f694e7743060213f29e8d281527669dcb62d38ce02adbaa4be22bf",
      "layout": {
        "solcVersion": "0.8.26",
        "storage": [
          {
            "label": "globalNonce",
            "offset": 0,
            "slot": "0",
            "type": "t_uint256",
            "contract": "GatewaySend",
            "src": "contracts/GatewaySend.sol:13"
          },
          {
            "label": "gasLimit",
            "offset": 0,
            "slot": "1",
            "type": "t_uint256",
            "contract": "GatewaySend",
            "src": "contracts/GatewaySend.sol:14"
          },
          {
            "label": "DODORouteProxy",
            "offset": 0,
            "slot": "2",
            "type": "t_address",
            "contract": "GatewaySend",
            "src": "contracts/GatewaySend.sol:15"
          },
          {
            "label": "DODOApprove",
            "offset": 0,
            "slot": "3",
            "type": "t_address",
            "contract": "GatewaySend",
            "src": "contracts/GatewaySend.sol:16"
          },
          {
            "label": "gateway",
            "offset": 0,
            "slot": "4",
            "type": "t_contract(GatewayEVM)6738",
            "contract": "GatewaySend",
            "src": "contracts/GatewaySend.sol:17"
          }
        ],
        "types": {
          "t_address": {
            "label": "address",
            "numberOfBytes": "20"
          },
          "t_bool": {
            "label": "bool",
            "numberOfBytes": "1"
          },
          "t_struct(InitializableStorage)211_storage": {
            "label": "struct Initializable.InitializableStorage",
            "members": [
              {
                "label": "_initialized",
                "type": "t_uint64",
                "offset": 0,
                "slot": "0"
              },
              {
                "label": "_initializing",
                "type": "t_bool",
                "offset": 8,
                "slot": "0"
              }
            ],
            "numberOfBytes": "32"
          },
          "t_struct(OwnableStorage)151_storage": {
            "label": "struct OwnableUpgradeable.OwnableStorage",
            "members": [
              {
                "label": "_owner",
                "type": "t_address",
                "offset": 0,
                "slot": "0"
              }
            ],
            "numberOfBytes": "32"
          },
          "t_uint64": {
            "label": "uint64",
            "numberOfBytes": "8"
          },
          "t_contract(GatewayEVM)6738": {
            "label": "contract GatewayEVM",
            "numberOfBytes": "20"
          },
          "t_uint256": {
            "label": "uint256",
            "numberOfBytes": "32"
          }
        },
        "namespaces": {
          "erc7201:openzeppelin.storage.Ownable": [
            {
              "contract": "OwnableUpgradeable",
              "label": "_owner",
              "type": "t_address",
              "src": "@openzeppelin/contracts-upgradeable/access/OwnableUpgradeable.sol:24",
              "offset": 0,
              "slot": "0"
            }
          ],
          "erc7201:openzeppelin.storage.Initializable": [
            {
              "contract": "Initializable",
              "label": "_initialized",
              "type": "t_uint64",
              "src": "@openzeppelin/contracts-upgradeable/proxy/utils/Initializable.sol:69",
              "offset": 0,
              "slot": "0"
            },
            {
              "contract": "Initializable",
              "label": "_initializing",
              "type": "t_bool",
              "src": "@openzeppelin/contracts-upgradeable/proxy/utils/Initializable.sol:73",
              "offset": 8,
              "slot": "0"
            }
          ]
        }
      }
    },
    "9b9f6bafbd371d2403ee91977dc403b65a4cbd04b0af926e9b5764f2e964add5": {
      "address": "0x8eAfcD909614f2a18cBe68f746bb4a11704340A1",
      "txHash": "0x5fd4a78b2c4462ba39c86fd767b701871c6ba6c8cac60f76441c5f252e8b2ea1",
      "layout": {
        "solcVersion": "0.8.26",
        "storage": [
          {
            "label": "globalNonce",
            "offset": 0,
            "slot": "0",
            "type": "t_uint256",
            "contract": "GatewaySend",
            "src": "contracts/GatewaySend.sol:14"
          },
          {
            "label": "gasLimit",
            "offset": 0,
            "slot": "1",
            "type": "t_uint256",
            "contract": "GatewaySend",
            "src": "contracts/GatewaySend.sol:15"
          },
          {
            "label": "DODORouteProxy",
            "offset": 0,
            "slot": "2",
            "type": "t_address",
            "contract": "GatewaySend",
            "src": "contracts/GatewaySend.sol:16"
          },
          {
            "label": "DODOApprove",
            "offset": 0,
            "slot": "3",
            "type": "t_address",
            "contract": "GatewaySend",
            "src": "contracts/GatewaySend.sol:17"
          },
          {
            "label": "gateway",
            "offset": 0,
            "slot": "4",
            "type": "t_contract(GatewayEVM)6738",
            "contract": "GatewaySend",
            "src": "contracts/GatewaySend.sol:18"
          }
        ],
        "types": {
          "t_address": {
            "label": "address",
            "numberOfBytes": "20"
          },
          "t_bool": {
            "label": "bool",
            "numberOfBytes": "1"
          },
          "t_struct(InitializableStorage)211_storage": {
            "label": "struct Initializable.InitializableStorage",
            "members": [
              {
                "label": "_initialized",
                "type": "t_uint64",
                "offset": 0,
                "slot": "0"
              },
              {
                "label": "_initializing",
                "type": "t_bool",
                "offset": 8,
                "slot": "0"
              }
            ],
            "numberOfBytes": "32"
          },
          "t_struct(OwnableStorage)151_storage": {
            "label": "struct OwnableUpgradeable.OwnableStorage",
            "members": [
              {
                "label": "_owner",
                "type": "t_address",
                "offset": 0,
                "slot": "0"
              }
            ],
            "numberOfBytes": "32"
          },
          "t_uint64": {
            "label": "uint64",
            "numberOfBytes": "8"
          },
          "t_contract(GatewayEVM)6738": {
            "label": "contract GatewayEVM",
            "numberOfBytes": "20"
          },
          "t_uint256": {
            "label": "uint256",
            "numberOfBytes": "32"
          }
        },
        "namespaces": {
          "erc7201:openzeppelin.storage.Ownable": [
            {
              "contract": "OwnableUpgradeable",
              "label": "_owner",
              "type": "t_address",
              "src": "@openzeppelin/contracts-upgradeable/access/OwnableUpgradeable.sol:24",
              "offset": 0,
              "slot": "0"
            }
          ],
          "erc7201:openzeppelin.storage.Initializable": [
            {
              "contract": "Initializable",
              "label": "_initialized",
              "type": "t_uint64",
              "src": "@openzeppelin/contracts-upgradeable/proxy/utils/Initializable.sol:69",
              "offset": 0,
              "slot": "0"
            },
            {
              "contract": "Initializable",
              "label": "_initializing",
              "type": "t_bool",
              "src": "@openzeppelin/contracts-upgradeable/proxy/utils/Initializable.sol:73",
              "offset": 8,
              "slot": "0"
            }
          ]
        }
      }
    },
    "b750a8aa4631d9ca3f8da03dbb06e120dd1bf6d257b079d14f0a24a8160cb0e4": {
      "address": "0xbe77509825D7A68464f0dE5da01f75F44979e819",
      "txHash": "0x60e171d2d5c1e9cb6b928f686c76b144ef5368cd89d283dc60b779b1e9a39ac4",
      "layout": {
        "solcVersion": "0.8.26",
        "storage": [
          {
            "label": "globalNonce",
            "offset": 0,
            "slot": "0",
            "type": "t_uint256",
            "contract": "GatewaySend",
            "src": "contracts/GatewaySend.sol:15"
          },
          {
            "label": "gasLimit",
            "offset": 0,
            "slot": "1",
            "type": "t_uint256",
            "contract": "GatewaySend",
            "src": "contracts/GatewaySend.sol:16"
          },
          {
            "label": "DODORouteProxy",
            "offset": 0,
            "slot": "2",
            "type": "t_address",
            "contract": "GatewaySend",
            "src": "contracts/GatewaySend.sol:17"
          },
          {
            "label": "DODOApprove",
            "offset": 0,
            "slot": "3",
            "type": "t_address",
            "contract": "GatewaySend",
            "src": "contracts/GatewaySend.sol:18"
          },
          {
            "label": "gateway",
            "offset": 0,
            "slot": "4",
            "type": "t_contract(GatewayEVM)6738",
            "contract": "GatewaySend",
            "src": "contracts/GatewaySend.sol:19"
          }
        ],
        "types": {
          "t_address": {
            "label": "address",
            "numberOfBytes": "20"
          },
          "t_bool": {
            "label": "bool",
            "numberOfBytes": "1"
          },
          "t_struct(InitializableStorage)211_storage": {
            "label": "struct Initializable.InitializableStorage",
            "members": [
              {
                "label": "_initialized",
                "type": "t_uint64",
                "offset": 0,
                "slot": "0"
              },
              {
                "label": "_initializing",
                "type": "t_bool",
                "offset": 8,
                "slot": "0"
              }
            ],
            "numberOfBytes": "32"
          },
          "t_struct(OwnableStorage)151_storage": {
            "label": "struct OwnableUpgradeable.OwnableStorage",
            "members": [
              {
                "label": "_owner",
                "type": "t_address",
                "offset": 0,
                "slot": "0"
              }
            ],
            "numberOfBytes": "32"
          },
          "t_uint64": {
            "label": "uint64",
            "numberOfBytes": "8"
          },
          "t_contract(GatewayEVM)6738": {
            "label": "contract GatewayEVM",
            "numberOfBytes": "20"
          },
          "t_uint256": {
            "label": "uint256",
            "numberOfBytes": "32"
          }
        },
        "namespaces": {
          "erc7201:openzeppelin.storage.Ownable": [
            {
              "contract": "OwnableUpgradeable",
              "label": "_owner",
              "type": "t_address",
              "src": "@openzeppelin/contracts-upgradeable/access/OwnableUpgradeable.sol:24",
              "offset": 0,
              "slot": "0"
            }
          ],
          "erc7201:openzeppelin.storage.Initializable": [
            {
              "contract": "Initializable",
              "label": "_initialized",
              "type": "t_uint64",
              "src": "@openzeppelin/contracts-upgradeable/proxy/utils/Initializable.sol:69",
              "offset": 0,
              "slot": "0"
            },
            {
              "contract": "Initializable",
              "label": "_initializing",
              "type": "t_bool",
              "src": "@openzeppelin/contracts-upgradeable/proxy/utils/Initializable.sol:73",
              "offset": 8,
              "slot": "0"
            }
          ]
        }
      }
    },
    "12fb9744632a04720ad2f48b6a7a8fe7f49964c685449228ae9908afcb4c407e": {
      "address": "0x35E97e5F4F03A6713F36f1c428eFEF0f8631a649",
      "txHash": "0x1f2c375997123d26d8b96e314edb8dd4b57b872314382285a0b5048118a766f8",
      "layout": {
        "solcVersion": "0.8.26",
        "storage": [
          {
            "label": "globalNonce",
            "offset": 0,
            "slot": "0",
            "type": "t_uint256",
            "contract": "GatewaySend",
            "src": "contracts/GatewaySend.sol:14"
          },
          {
            "label": "gasLimit",
            "offset": 0,
            "slot": "1",
            "type": "t_uint256",
            "contract": "GatewaySend",
            "src": "contracts/GatewaySend.sol:15"
          },
          {
            "label": "DODORouteProxy",
            "offset": 0,
            "slot": "2",
            "type": "t_address",
            "contract": "GatewaySend",
            "src": "contracts/GatewaySend.sol:16"
          },
          {
            "label": "DODOApprove",
            "offset": 0,
            "slot": "3",
            "type": "t_address",
            "contract": "GatewaySend",
            "src": "contracts/GatewaySend.sol:17"
          },
          {
            "label": "gateway",
            "offset": 0,
            "slot": "4",
            "type": "t_contract(GatewayEVM)6738",
            "contract": "GatewaySend",
            "src": "contracts/GatewaySend.sol:18"
          }
        ],
        "types": {
          "t_address": {
            "label": "address",
            "numberOfBytes": "20"
          },
          "t_bool": {
            "label": "bool",
            "numberOfBytes": "1"
          },
          "t_struct(InitializableStorage)211_storage": {
            "label": "struct Initializable.InitializableStorage",
            "members": [
              {
                "label": "_initialized",
                "type": "t_uint64",
                "offset": 0,
                "slot": "0"
              },
              {
                "label": "_initializing",
                "type": "t_bool",
                "offset": 8,
                "slot": "0"
              }
            ],
            "numberOfBytes": "32"
          },
          "t_struct(OwnableStorage)151_storage": {
            "label": "struct OwnableUpgradeable.OwnableStorage",
            "members": [
              {
                "label": "_owner",
                "type": "t_address",
                "offset": 0,
                "slot": "0"
              }
            ],
            "numberOfBytes": "32"
          },
          "t_uint64": {
            "label": "uint64",
            "numberOfBytes": "8"
          },
          "t_contract(GatewayEVM)6738": {
            "label": "contract GatewayEVM",
            "numberOfBytes": "20"
          },
          "t_uint256": {
            "label": "uint256",
            "numberOfBytes": "32"
          }
        },
        "namespaces": {
          "erc7201:openzeppelin.storage.Ownable": [
            {
              "contract": "OwnableUpgradeable",
              "label": "_owner",
              "type": "t_address",
              "src": "@openzeppelin/contracts-upgradeable/access/OwnableUpgradeable.sol:24",
              "offset": 0,
              "slot": "0"
            }
          ],
          "erc7201:openzeppelin.storage.Initializable": [
            {
              "contract": "Initializable",
              "label": "_initialized",
              "type": "t_uint64",
              "src": "@openzeppelin/contracts-upgradeable/proxy/utils/Initializable.sol:69",
              "offset": 0,
              "slot": "0"
            },
            {
              "contract": "Initializable",
              "label": "_initializing",
              "type": "t_bool",
              "src": "@openzeppelin/contracts-upgradeable/proxy/utils/Initializable.sol:73",
              "offset": 8,
              "slot": "0"
            }
          ]
        }
      }
    },
    "acd5462e7ef612080b98fd325651b2074cb1319599ca3fba21fe5872990d334e": {
      "address": "0xAf73b3b1fCb3DDe523e3991c55e8751bC0BDe7Ee",
      "txHash": "0x870582aa0211bd056a17eae4d07378e07638f416128d2b185d816de363624c8f",
      "layout": {
        "solcVersion": "0.8.26",
        "storage": [
          {
            "label": "globalNonce",
            "offset": 0,
            "slot": "0",
            "type": "t_uint256",
            "contract": "GatewaySend",
            "src": "contracts/GatewaySend.sol:16"
          },
          {
            "label": "gasLimit",
            "offset": 0,
            "slot": "1",
            "type": "t_uint256",
            "contract": "GatewaySend",
            "src": "contracts/GatewaySend.sol:17"
          },
          {
            "label": "DODORouteProxy",
            "offset": 0,
            "slot": "2",
            "type": "t_address",
            "contract": "GatewaySend",
            "src": "contracts/GatewaySend.sol:18"
          },
          {
            "label": "DODOApprove",
            "offset": 0,
            "slot": "3",
            "type": "t_address",
            "contract": "GatewaySend",
            "src": "contracts/GatewaySend.sol:19"
          },
          {
            "label": "gateway",
            "offset": 0,
            "slot": "4",
            "type": "t_contract(GatewayEVM)5530",
            "contract": "GatewaySend",
            "src": "contracts/GatewaySend.sol:20"
          }
        ],
        "types": {
          "t_address": {
            "label": "address",
            "numberOfBytes": "20"
          },
          "t_bool": {
            "label": "bool",
            "numberOfBytes": "1"
          },
          "t_struct(InitializableStorage)211_storage": {
            "label": "struct Initializable.InitializableStorage",
            "members": [
              {
                "label": "_initialized",
                "type": "t_uint64",
                "offset": 0,
                "slot": "0"
              },
              {
                "label": "_initializing",
                "type": "t_bool",
                "offset": 8,
                "slot": "0"
              }
            ],
            "numberOfBytes": "32"
          },
          "t_struct(OwnableStorage)151_storage": {
            "label": "struct OwnableUpgradeable.OwnableStorage",
            "members": [
              {
                "label": "_owner",
                "type": "t_address",
                "offset": 0,
                "slot": "0"
              }
            ],
            "numberOfBytes": "32"
          },
          "t_uint64": {
            "label": "uint64",
            "numberOfBytes": "8"
          },
          "t_contract(GatewayEVM)5530": {
            "label": "contract GatewayEVM",
            "numberOfBytes": "20"
          },
          "t_uint256": {
            "label": "uint256",
            "numberOfBytes": "32"
          }
        },
        "namespaces": {
          "erc7201:openzeppelin.storage.Ownable": [
            {
              "contract": "OwnableUpgradeable",
              "label": "_owner",
              "type": "t_address",
              "src": "@openzeppelin/contracts-upgradeable/access/OwnableUpgradeable.sol:24",
              "offset": 0,
              "slot": "0"
            }
          ],
          "erc7201:openzeppelin.storage.Initializable": [
            {
              "contract": "Initializable",
              "label": "_initialized",
              "type": "t_uint64",
              "src": "@openzeppelin/contracts-upgradeable/proxy/utils/Initializable.sol:69",
              "offset": 0,
              "slot": "0"
            },
            {
              "contract": "Initializable",
              "label": "_initializing",
              "type": "t_bool",
              "src": "@openzeppelin/contracts-upgradeable/proxy/utils/Initializable.sol:73",
              "offset": 8,
              "slot": "0"
            }
          ]
        }
      }
    },
    "61ee84b2c0b19c4b4225f25cbd2d707e0aa73526fe8cf1f667373aacc9e43ccc": {
      "address": "0xF7B04b14b0F37d77E5Bb3d47e0cff694F8CEaC9c",
      "txHash": "0x40762ae099b0f765b315c582b037c15db20992617badb4c817eec339d959a500",
      "layout": {
        "solcVersion": "0.8.26",
        "storage": [
          {
            "label": "globalNonce",
            "offset": 0,
            "slot": "0",
            "type": "t_uint256",
            "contract": "GatewaySend",
            "src": "contracts/GatewaySend.sol:16"
          },
          {
            "label": "gasLimit",
            "offset": 0,
            "slot": "1",
            "type": "t_uint256",
            "contract": "GatewaySend",
            "src": "contracts/GatewaySend.sol:17"
          },
          {
            "label": "DODORouteProxy",
            "offset": 0,
            "slot": "2",
            "type": "t_address",
            "contract": "GatewaySend",
            "src": "contracts/GatewaySend.sol:18"
          },
          {
            "label": "DODOApprove",
            "offset": 0,
            "slot": "3",
            "type": "t_address",
            "contract": "GatewaySend",
            "src": "contracts/GatewaySend.sol:19"
          },
          {
            "label": "gateway",
            "offset": 0,
            "slot": "4",
            "type": "t_contract(GatewayEVM)5328",
            "contract": "GatewaySend",
            "src": "contracts/GatewaySend.sol:20"
          }
        ],
        "types": {
          "t_address": {
            "label": "address",
            "numberOfBytes": "20"
          },
          "t_bool": {
            "label": "bool",
            "numberOfBytes": "1"
          },
          "t_struct(InitializableStorage)211_storage": {
            "label": "struct Initializable.InitializableStorage",
            "members": [
              {
                "label": "_initialized",
                "type": "t_uint64",
                "offset": 0,
                "slot": "0"
              },
              {
                "label": "_initializing",
                "type": "t_bool",
                "offset": 8,
                "slot": "0"
              }
            ],
            "numberOfBytes": "32"
          },
          "t_struct(OwnableStorage)151_storage": {
            "label": "struct OwnableUpgradeable.OwnableStorage",
            "members": [
              {
                "label": "_owner",
                "type": "t_address",
                "offset": 0,
                "slot": "0"
              }
            ],
            "numberOfBytes": "32"
          },
          "t_uint64": {
            "label": "uint64",
            "numberOfBytes": "8"
          },
          "t_contract(GatewayEVM)5328": {
            "label": "contract GatewayEVM",
            "numberOfBytes": "20"
          },
          "t_uint256": {
            "label": "uint256",
            "numberOfBytes": "32"
          }
        },
        "namespaces": {
          "erc7201:openzeppelin.storage.Ownable": [
            {
              "contract": "OwnableUpgradeable",
              "label": "_owner",
              "type": "t_address",
              "src": "@openzeppelin/contracts-upgradeable/access/OwnableUpgradeable.sol:24",
              "offset": 0,
              "slot": "0"
            }
          ],
          "erc7201:openzeppelin.storage.Initializable": [
            {
              "contract": "Initializable",
              "label": "_initialized",
              "type": "t_uint64",
              "src": "@openzeppelin/contracts-upgradeable/proxy/utils/Initializable.sol:69",
              "offset": 0,
              "slot": "0"
            },
            {
              "contract": "Initializable",
              "label": "_initializing",
              "type": "t_bool",
              "src": "@openzeppelin/contracts-upgradeable/proxy/utils/Initializable.sol:73",
              "offset": 8,
              "slot": "0"
            }
          ]
        }
      }
    }
  }
}
