{
  "manifestVersion": "3.2",
  "proxies": [
    {
      "address": "0xB5ddb7d46a46B7dCe46ab7EB5880333de82be400",
      "txHash": "0x90d1a6f774cc33583bf5b115dd24c37098405957e49ed96bc92f755fe7996a1e",
      "kind": "uups"
    },
    {
      "address": "0x2b0b07053a321e0cce7A160fB8e345A96525e53b",
      "txHash": "0x0de97f4d1f000243f68c0cadc23003b4b0abfe8f76a1b9c5492fdb4dd5e6ce70",
      "kind": "uups"
    },
    {
      "address": "0x4a443bb00b71014AB29f892c46609A7A2DB8B484",
      "txHash": "0x56381668f0fbe2a659a1d6e4befd08cf6c599b9068df3453c93fcedbb8cc83ef",
      "kind": "uups"
    },
    {
      "address": "0x8BCf2D9194260E91fFb32f08ff968D73565f3660",
      "txHash": "0x994ce5e63e3c3121b5878ac5a23b9929c48593468480285840b37b991a1f88ad",
      "kind": "uups"
    },
    {
      "address": "0x337396E352fFB08C7D861573F70f6b5d820958b0",
      "txHash": "0x60844e7a2719e41da759fdc04a359670a091b57010db56191f03cfd08d9f6935",
      "kind": "uups"
    },
    {
      "address": "0x39dBE0a8fA1b87579EEC94682a0bbBf960Ff84ed",
      "txHash": "0x178aa6bcb0b50a1ce72199518b23e4b27104a386c9a3e59c8c506883b33b7af4",
      "kind": "uups"
    },
    {
      "address": "0xe3e62eD9A6388335b2A80fdcF6B6B22747BbEEB7",
      "txHash": "0x9d8ea63f62cccc0cb60f2c4ebcac27ca76069c69e7bf524ad5167a0a14132f2e",
      "kind": "uups"
    },
    {
      "address": "0x36361F2102C55Fcd0dE12a99218fC39515c7c45c",
      "txHash": "0x3a9b3bb9ead4a180c14d0bab375f19e86ab6f73acdd8e043fd0c8a6ba79689ac",
      "kind": "uups"
    },
    {
      "address": "0x69B78A97F8Fe43971d14626bbA2Cb9B6a03CeF03",
      "txHash": "0x3a8b29772701c886b2a06f79d7634e9e531bf371f11351cf42ef2ca63153204b",
      "kind": "uups"
    }
  ],
  "impls": {
    "dd20ffe95c58b979b85131ae980938ce35f0047a4734d4478b984aafad1c2362": {
      "address": "0x43E323De469395cFd379fd682F14C85bD1132f10",
      "txHash": "0xee793d8e374ca6657681a9c74ea5ecc78f46e93065adcee9964c5f18b285d616",
      "layout": {
        "solcVersion": "0.8.26",
        "storage": [
          {
            "label": "globalNonce",
            "offset": 0,
            "slot": "0",
            "type": "t_uint256",
            "contract": "GatewaySend",
            "src": "contracts/GatewaySend.sol:14"
          },
          {
            "label": "gasLimit",
            "offset": 0,
            "slot": "1",
            "type": "t_uint256",
            "contract": "GatewaySend",
            "src": "contracts/GatewaySend.sol:15"
          },
          {
            "label": "DODORouteProxy",
            "offset": 0,
            "slot": "2",
            "type": "t_address",
            "contract": "GatewaySend",
            "src": "contracts/GatewaySend.sol:16"
          },
          {
            "label": "DODOApprove",
            "offset": 0,
            "slot": "3",
            "type": "t_address",
            "contract": "GatewaySend",
            "src": "contracts/GatewaySend.sol:17"
          },
          {
            "label": "gateway",
            "offset": 0,
            "slot": "4",
            "type": "t_contract(GatewayEVM)4009",
            "contract": "GatewaySend",
            "src": "contracts/GatewaySend.sol:18"
          }
        ],
        "types": {
          "t_address": {
            "label": "address",
            "numberOfBytes": "20"
          },
          "t_bool": {
            "label": "bool",
            "numberOfBytes": "1"
          },
          "t_struct(InitializableStorage)211_storage": {
            "label": "struct Initializable.InitializableStorage",
            "members": [
              {
                "label": "_initialized",
                "type": "t_uint64",
                "offset": 0,
                "slot": "0"
              },
              {
                "label": "_initializing",
                "type": "t_bool",
                "offset": 8,
                "slot": "0"
              }
            ],
            "numberOfBytes": "32"
          },
          "t_struct(OwnableStorage)151_storage": {
            "label": "struct OwnableUpgradeable.OwnableStorage",
            "members": [
              {
                "label": "_owner",
                "type": "t_address",
                "offset": 0,
                "slot": "0"
              }
            ],
            "numberOfBytes": "32"
          },
          "t_uint64": {
            "label": "uint64",
            "numberOfBytes": "8"
          },
          "t_contract(GatewayEVM)4009": {
            "label": "contract GatewayEVM",
            "numberOfBytes": "20"
          },
          "t_uint256": {
            "label": "uint256",
            "numberOfBytes": "32"
          }
        },
        "namespaces": {
          "erc7201:openzeppelin.storage.Ownable": [
            {
              "contract": "OwnableUpgradeable",
              "label": "_owner",
              "type": "t_address",
              "src": "@openzeppelin/contracts-upgradeable/access/OwnableUpgradeable.sol:24",
              "offset": 0,
              "slot": "0"
            }
          ],
          "erc7201:openzeppelin.storage.Initializable": [
            {
              "contract": "Initializable",
              "label": "_initialized",
              "type": "t_uint64",
              "src": "@openzeppelin/contracts-upgradeable/proxy/utils/Initializable.sol:69",
              "offset": 0,
              "slot": "0"
            },
            {
              "contract": "Initializable",
              "label": "_initializing",
              "type": "t_bool",
              "src": "@openzeppelin/contracts-upgradeable/proxy/utils/Initializable.sol:73",
              "offset": 8,
              "slot": "0"
            }
          ]
        }
      }
    },
    "086fe6609c3456fab7db1224129fa0135df5aba858d3390a9ddf4414c8d34693": {
      "address": "0x3F4CC40EbB27e08D99Aee9E6309697A35d1B8Cc7",
      "txHash": "0x552499fd95da32f42569251296de55d050c1255f68226fdcbce794fb9b213d09",
      "layout": {
        "solcVersion": "0.8.26",
        "storage": [
          {
            "label": "globalNonce",
            "offset": 0,
            "slot": "0",
            "type": "t_uint256",
            "contract": "GatewaySend",
            "src": "contracts/GatewaySend.sol:13"
          },
          {
            "label": "gasLimit",
            "offset": 0,
            "slot": "1",
            "type": "t_uint256",
            "contract": "GatewaySend",
            "src": "contracts/GatewaySend.sol:14"
          },
          {
            "label": "DODORouteProxy",
            "offset": 0,
            "slot": "2",
            "type": "t_address",
            "contract": "GatewaySend",
            "src": "contracts/GatewaySend.sol:15"
          },
          {
            "label": "DODOApprove",
            "offset": 0,
            "slot": "3",
            "type": "t_address",
            "contract": "GatewaySend",
            "src": "contracts/GatewaySend.sol:16"
          },
          {
            "label": "gateway",
            "offset": 0,
            "slot": "4",
            "type": "t_contract(GatewayEVM)4009",
            "contract": "GatewaySend",
            "src": "contracts/GatewaySend.sol:17"
          }
        ],
        "types": {
          "t_address": {
            "label": "address",
            "numberOfBytes": "20"
          },
          "t_bool": {
            "label": "bool",
            "numberOfBytes": "1"
          },
          "t_struct(InitializableStorage)211_storage": {
            "label": "struct Initializable.InitializableStorage",
            "members": [
              {
                "label": "_initialized",
                "type": "t_uint64",
                "offset": 0,
                "slot": "0"
              },
              {
                "label": "_initializing",
                "type": "t_bool",
                "offset": 8,
                "slot": "0"
              }
            ],
            "numberOfBytes": "32"
          },
          "t_struct(OwnableStorage)151_storage": {
            "label": "struct OwnableUpgradeable.OwnableStorage",
            "members": [
              {
                "label": "_owner",
                "type": "t_address",
                "offset": 0,
                "slot": "0"
              }
            ],
            "numberOfBytes": "32"
          },
          "t_uint64": {
            "label": "uint64",
            "numberOfBytes": "8"
          },
          "t_contract(GatewayEVM)4009": {
            "label": "contract GatewayEVM",
            "numberOfBytes": "20"
          },
          "t_uint256": {
            "label": "uint256",
            "numberOfBytes": "32"
          }
        },
        "namespaces": {
          "erc7201:openzeppelin.storage.Ownable": [
            {
              "contract": "OwnableUpgradeable",
              "label": "_owner",
              "type": "t_address",
              "src": "@openzeppelin/contracts-upgradeable/access/OwnableUpgradeable.sol:24",
              "offset": 0,
              "slot": "0"
            }
          ],
          "erc7201:openzeppelin.storage.Initializable": [
            {
              "contract": "Initializable",
              "label": "_initialized",
              "type": "t_uint64",
              "src": "@openzeppelin/contracts-upgradeable/proxy/utils/Initializable.sol:69",
              "offset": 0,
              "slot": "0"
            },
            {
              "contract": "Initializable",
              "label": "_initializing",
              "type": "t_bool",
              "src": "@openzeppelin/contracts-upgradeable/proxy/utils/Initializable.sol:73",
              "offset": 8,
              "slot": "0"
            }
          ]
        }
      }
    },
    "9b9f6bafbd371d2403ee91977dc403b65a4cbd04b0af926e9b5764f2e964add5": {
      "address": "0xEE87a568cb82dCC176c4491C349f78F00b1DfCE7",
      "txHash": "0x53caffeb149b0b986b45f19260e86ee1683bcae4a69213ab10465d9b7084c3cd",
      "layout": {
        "solcVersion": "0.8.26",
        "storage": [
          {
            "label": "globalNonce",
            "offset": 0,
            "slot": "0",
            "type": "t_uint256",
            "contract": "GatewaySend",
            "src": "contracts/GatewaySend.sol:14"
          },
          {
            "label": "gasLimit",
            "offset": 0,
            "slot": "1",
            "type": "t_uint256",
            "contract": "GatewaySend",
            "src": "contracts/GatewaySend.sol:15"
          },
          {
            "label": "DODORouteProxy",
            "offset": 0,
            "slot": "2",
            "type": "t_address",
            "contract": "GatewaySend",
            "src": "contracts/GatewaySend.sol:16"
          },
          {
            "label": "DODOApprove",
            "offset": 0,
            "slot": "3",
            "type": "t_address",
            "contract": "GatewaySend",
            "src": "contracts/GatewaySend.sol:17"
          },
          {
            "label": "gateway",
            "offset": 0,
            "slot": "4",
            "type": "t_contract(GatewayEVM)4009",
            "contract": "GatewaySend",
            "src": "contracts/GatewaySend.sol:18"
          }
        ],
        "types": {
          "t_address": {
            "label": "address",
            "numberOfBytes": "20"
          },
          "t_bool": {
            "label": "bool",
            "numberOfBytes": "1"
          },
          "t_struct(InitializableStorage)211_storage": {
            "label": "struct Initializable.InitializableStorage",
            "members": [
              {
                "label": "_initialized",
                "type": "t_uint64",
                "offset": 0,
                "slot": "0"
              },
              {
                "label": "_initializing",
                "type": "t_bool",
                "offset": 8,
                "slot": "0"
              }
            ],
            "numberOfBytes": "32"
          },
          "t_struct(OwnableStorage)151_storage": {
            "label": "struct OwnableUpgradeable.OwnableStorage",
            "members": [
              {
                "label": "_owner",
                "type": "t_address",
                "offset": 0,
                "slot": "0"
              }
            ],
            "numberOfBytes": "32"
          },
          "t_uint64": {
            "label": "uint64",
            "numberOfBytes": "8"
          },
          "t_contract(GatewayEVM)4009": {
            "label": "contract GatewayEVM",
            "numberOfBytes": "20"
          },
          "t_uint256": {
            "label": "uint256",
            "numberOfBytes": "32"
          }
        },
        "namespaces": {
          "erc7201:openzeppelin.storage.Ownable": [
            {
              "contract": "OwnableUpgradeable",
              "label": "_owner",
              "type": "t_address",
              "src": "@openzeppelin/contracts-upgradeable/access/OwnableUpgradeable.sol:24",
              "offset": 0,
              "slot": "0"
            }
          ],
          "erc7201:openzeppelin.storage.Initializable": [
            {
              "contract": "Initializable",
              "label": "_initialized",
              "type": "t_uint64",
              "src": "@openzeppelin/contracts-upgradeable/proxy/utils/Initializable.sol:69",
              "offset": 0,
              "slot": "0"
            },
            {
              "contract": "Initializable",
              "label": "_initializing",
              "type": "t_bool",
              "src": "@openzeppelin/contracts-upgradeable/proxy/utils/Initializable.sol:73",
              "offset": 8,
              "slot": "0"
            }
          ]
        }
      }
    },
    "4aaaa1318e13722159eefccce4511e8654887316b95793931251a7ecf8cb7d3b": {
      "address": "0xCe39b86442AC7260b3218086F591578500E54241",
      "txHash": "0x3d555b3d38a3701c1f503e8ce3453a55e27bfafed2f2e27ba4ea6763401fbcc5",
      "layout": {
        "solcVersion": "0.8.26",
        "storage": [
          {
            "label": "globalNonce",
            "offset": 0,
            "slot": "0",
            "type": "t_uint256",
            "contract": "GatewaySend",
            "src": "contracts/GatewaySend.sol:14"
          },
          {
            "label": "gasLimit",
            "offset": 0,
            "slot": "1",
            "type": "t_uint256",
            "contract": "GatewaySend",
            "src": "contracts/GatewaySend.sol:15"
          },
          {
            "label": "DODORouteProxy",
            "offset": 0,
            "slot": "2",
            "type": "t_address",
            "contract": "GatewaySend",
            "src": "contracts/GatewaySend.sol:16"
          },
          {
            "label": "DODOApprove",
            "offset": 0,
            "slot": "3",
            "type": "t_address",
            "contract": "GatewaySend",
            "src": "contracts/GatewaySend.sol:17"
          },
          {
            "label": "gateway",
            "offset": 0,
            "slot": "4",
            "type": "t_contract(GatewayEVM)6738",
            "contract": "GatewaySend",
            "src": "contracts/GatewaySend.sol:18"
          }
        ],
        "types": {
          "t_address": {
            "label": "address",
            "numberOfBytes": "20"
          },
          "t_bool": {
            "label": "bool",
            "numberOfBytes": "1"
          },
          "t_struct(InitializableStorage)211_storage": {
            "label": "struct Initializable.InitializableStorage",
            "members": [
              {
                "label": "_initialized",
                "type": "t_uint64",
                "offset": 0,
                "slot": "0"
              },
              {
                "label": "_initializing",
                "type": "t_bool",
                "offset": 8,
                "slot": "0"
              }
            ],
            "numberOfBytes": "32"
          },
          "t_struct(OwnableStorage)151_storage": {
            "label": "struct OwnableUpgradeable.OwnableStorage",
            "members": [
              {
                "label": "_owner",
                "type": "t_address",
                "offset": 0,
                "slot": "0"
              }
            ],
            "numberOfBytes": "32"
          },
          "t_uint64": {
            "label": "uint64",
            "numberOfBytes": "8"
          },
          "t_contract(GatewayEVM)6738": {
            "label": "contract GatewayEVM",
            "numberOfBytes": "20"
          },
          "t_uint256": {
            "label": "uint256",
            "numberOfBytes": "32"
          }
        },
        "namespaces": {
          "erc7201:openzeppelin.storage.Ownable": [
            {
              "contract": "OwnableUpgradeable",
              "label": "_owner",
              "type": "t_address",
              "src": "@openzeppelin/contracts-upgradeable/access/OwnableUpgradeable.sol:24",
              "offset": 0,
              "slot": "0"
            }
          ],
          "erc7201:openzeppelin.storage.Initializable": [
            {
              "contract": "Initializable",
              "label": "_initialized",
              "type": "t_uint64",
              "src": "@openzeppelin/contracts-upgradeable/proxy/utils/Initializable.sol:69",
              "offset": 0,
              "slot": "0"
            },
            {
              "contract": "Initializable",
              "label": "_initializing",
              "type": "t_bool",
              "src": "@openzeppelin/contracts-upgradeable/proxy/utils/Initializable.sol:73",
              "offset": 8,
              "slot": "0"
            }
          ]
        }
      }
    },
    "12fb9744632a04720ad2f48b6a7a8fe7f49964c685449228ae9908afcb4c407e": {
      "address": "0x5927AA3258D7e729Fe4D1edDA51D3F8223876a89",
      "txHash": "0x43804f27cc38aea6290ce712d443f77092896dfd8dfc47e98055e3565416789a",
      "layout": {
        "solcVersion": "0.8.26",
        "storage": [
          {
            "label": "globalNonce",
            "offset": 0,
            "slot": "0",
            "type": "t_uint256",
            "contract": "GatewaySend",
            "src": "contracts/GatewaySend.sol:14"
          },
          {
            "label": "gasLimit",
            "offset": 0,
            "slot": "1",
            "type": "t_uint256",
            "contract": "GatewaySend",
            "src": "contracts/GatewaySend.sol:15"
          },
          {
            "label": "DODORouteProxy",
            "offset": 0,
            "slot": "2",
            "type": "t_address",
            "contract": "GatewaySend",
            "src": "contracts/GatewaySend.sol:16"
          },
          {
            "label": "DODOApprove",
            "offset": 0,
            "slot": "3",
            "type": "t_address",
            "contract": "GatewaySend",
            "src": "contracts/GatewaySend.sol:17"
          },
          {
            "label": "gateway",
            "offset": 0,
            "slot": "4",
            "type": "t_contract(GatewayEVM)6738",
            "contract": "GatewaySend",
            "src": "contracts/GatewaySend.sol:18"
          }
        ],
        "types": {
          "t_address": {
            "label": "address",
            "numberOfBytes": "20"
          },
          "t_bool": {
            "label": "bool",
            "numberOfBytes": "1"
          },
          "t_struct(InitializableStorage)211_storage": {
            "label": "struct Initializable.InitializableStorage",
            "members": [
              {
                "label": "_initialized",
                "type": "t_uint64",
                "offset": 0,
                "slot": "0"
              },
              {
                "label": "_initializing",
                "type": "t_bool",
                "offset": 8,
                "slot": "0"
              }
            ],
            "numberOfBytes": "32"
          },
          "t_struct(OwnableStorage)151_storage": {
            "label": "struct OwnableUpgradeable.OwnableStorage",
            "members": [
              {
                "label": "_owner",
                "type": "t_address",
                "offset": 0,
                "slot": "0"
              }
            ],
            "numberOfBytes": "32"
          },
          "t_uint64": {
            "label": "uint64",
            "numberOfBytes": "8"
          },
          "t_contract(GatewayEVM)6738": {
            "label": "contract GatewayEVM",
            "numberOfBytes": "20"
          },
          "t_uint256": {
            "label": "uint256",
            "numberOfBytes": "32"
          }
        },
        "namespaces": {
          "erc7201:openzeppelin.storage.Ownable": [
            {
              "contract": "OwnableUpgradeable",
              "label": "_owner",
              "type": "t_address",
              "src": "@openzeppelin/contracts-upgradeable/access/OwnableUpgradeable.sol:24",
              "offset": 0,
              "slot": "0"
            }
          ],
          "erc7201:openzeppelin.storage.Initializable": [
            {
              "contract": "Initializable",
              "label": "_initialized",
              "type": "t_uint64",
              "src": "@openzeppelin/contracts-upgradeable/proxy/utils/Initializable.sol:69",
              "offset": 0,
              "slot": "0"
            },
            {
              "contract": "Initializable",
              "label": "_initializing",
              "type": "t_bool",
              "src": "@openzeppelin/contracts-upgradeable/proxy/utils/Initializable.sol:73",
              "offset": 8,
              "slot": "0"
            }
          ]
        }
      }
    },
    "acd5462e7ef612080b98fd325651b2074cb1319599ca3fba21fe5872990d334e": {
      "address": "0xCB3f20e530eA7B2C9af268cF89439cafE7BE483a",
      "txHash": "0x7994a3eb3d24d1fee5f7d8b2cae7874799af40171c550653a0457f5db595f350",
      "layout": {
        "solcVersion": "0.8.26",
        "storage": [
          {
            "label": "globalNonce",
            "offset": 0,
            "slot": "0",
            "type": "t_uint256",
            "contract": "GatewaySend",
            "src": "contracts/GatewaySend.sol:16"
          },
          {
            "label": "gasLimit",
            "offset": 0,
            "slot": "1",
            "type": "t_uint256",
            "contract": "GatewaySend",
            "src": "contracts/GatewaySend.sol:17"
          },
          {
            "label": "DODORouteProxy",
            "offset": 0,
            "slot": "2",
            "type": "t_address",
            "contract": "GatewaySend",
            "src": "contracts/GatewaySend.sol:18"
          },
          {
            "label": "DODOApprove",
            "offset": 0,
            "slot": "3",
            "type": "t_address",
            "contract": "GatewaySend",
            "src": "contracts/GatewaySend.sol:19"
          },
          {
            "label": "gateway",
            "offset": 0,
            "slot": "4",
            "type": "t_contract(GatewayEVM)4007",
            "contract": "GatewaySend",
            "src": "contracts/GatewaySend.sol:20"
          }
        ],
        "types": {
          "t_address": {
            "label": "address",
            "numberOfBytes": "20"
          },
          "t_bool": {
            "label": "bool",
            "numberOfBytes": "1"
          },
          "t_struct(InitializableStorage)211_storage": {
            "label": "struct Initializable.InitializableStorage",
            "members": [
              {
                "label": "_initialized",
                "type": "t_uint64",
                "offset": 0,
                "slot": "0"
              },
              {
                "label": "_initializing",
                "type": "t_bool",
                "offset": 8,
                "slot": "0"
              }
            ],
            "numberOfBytes": "32"
          },
          "t_struct(OwnableStorage)151_storage": {
            "label": "struct OwnableUpgradeable.OwnableStorage",
            "members": [
              {
                "label": "_owner",
                "type": "t_address",
                "offset": 0,
                "slot": "0"
              }
            ],
            "numberOfBytes": "32"
          },
          "t_uint64": {
            "label": "uint64",
            "numberOfBytes": "8"
          },
          "t_contract(GatewayEVM)4007": {
            "label": "contract GatewayEVM",
            "numberOfBytes": "20"
          },
          "t_uint256": {
            "label": "uint256",
            "numberOfBytes": "32"
          }
        },
        "namespaces": {
          "erc7201:openzeppelin.storage.Ownable": [
            {
              "contract": "OwnableUpgradeable",
              "label": "_owner",
              "type": "t_address",
              "src": "@openzeppelin/contracts-upgradeable/access/OwnableUpgradeable.sol:24",
              "offset": 0,
              "slot": "0"
            }
          ],
          "erc7201:openzeppelin.storage.Initializable": [
            {
              "contract": "Initializable",
              "label": "_initialized",
              "type": "t_uint64",
              "src": "@openzeppelin/contracts-upgradeable/proxy/utils/Initializable.sol:69",
              "offset": 0,
              "slot": "0"
            },
            {
              "contract": "Initializable",
              "label": "_initializing",
              "type": "t_bool",
              "src": "@openzeppelin/contracts-upgradeable/proxy/utils/Initializable.sol:73",
              "offset": 8,
              "slot": "0"
            }
          ]
        }
      }
    },
    "61ee84b2c0b19c4b4225f25cbd2d707e0aa73526fe8cf1f667373aacc9e43ccc": {
      "address": "0xffA60159F13133369cb76797790A359504187872",
      "txHash": "0x7b6e0a7c7eae4b6bfe8a08d4be8d406cfef9d4b7f73e013eceb8247efc5a42db",
      "layout": {
        "solcVersion": "0.8.26",
        "storage": [
          {
            "label": "globalNonce",
            "offset": 0,
            "slot": "0",
            "type": "t_uint256",
            "contract": "GatewaySend",
            "src": "contracts/GatewaySend.sol:16"
          },
          {
            "label": "gasLimit",
            "offset": 0,
            "slot": "1",
            "type": "t_uint256",
            "contract": "GatewaySend",
            "src": "contracts/GatewaySend.sol:17"
          },
          {
            "label": "DODORouteProxy",
            "offset": 0,
            "slot": "2",
            "type": "t_address",
            "contract": "GatewaySend",
            "src": "contracts/GatewaySend.sol:18"
          },
          {
            "label": "DODOApprove",
            "offset": 0,
            "slot": "3",
            "type": "t_address",
            "contract": "GatewaySend",
            "src": "contracts/GatewaySend.sol:19"
          },
          {
            "label": "gateway",
            "offset": 0,
            "slot": "4",
            "type": "t_contract(GatewayEVM)5328",
            "contract": "GatewaySend",
            "src": "contracts/GatewaySend.sol:20"
          }
        ],
        "types": {
          "t_address": {
            "label": "address",
            "numberOfBytes": "20"
          },
          "t_bool": {
            "label": "bool",
            "numberOfBytes": "1"
          },
          "t_struct(InitializableStorage)211_storage": {
            "label": "struct Initializable.InitializableStorage",
            "members": [
              {
                "label": "_initialized",
                "type": "t_uint64",
                "offset": 0,
                "slot": "0"
              },
              {
                "label": "_initializing",
                "type": "t_bool",
                "offset": 8,
                "slot": "0"
              }
            ],
            "numberOfBytes": "32"
          },
          "t_struct(OwnableStorage)151_storage": {
            "label": "struct OwnableUpgradeable.OwnableStorage",
            "members": [
              {
                "label": "_owner",
                "type": "t_address",
                "offset": 0,
                "slot": "0"
              }
            ],
            "numberOfBytes": "32"
          },
          "t_uint64": {
            "label": "uint64",
            "numberOfBytes": "8"
          },
          "t_contract(GatewayEVM)5328": {
            "label": "contract GatewayEVM",
            "numberOfBytes": "20"
          },
          "t_uint256": {
            "label": "uint256",
            "numberOfBytes": "32"
          }
        },
        "namespaces": {
          "erc7201:openzeppelin.storage.Ownable": [
            {
              "contract": "OwnableUpgradeable",
              "label": "_owner",
              "type": "t_address",
              "src": "@openzeppelin/contracts-upgradeable/access/OwnableUpgradeable.sol:24",
              "offset": 0,
              "slot": "0"
            }
          ],
          "erc7201:openzeppelin.storage.Initializable": [
            {
              "contract": "Initializable",
              "label": "_initialized",
              "type": "t_uint64",
              "src": "@openzeppelin/contracts-upgradeable/proxy/utils/Initializable.sol:69",
              "offset": 0,
              "slot": "0"
            },
            {
              "contract": "Initializable",
              "label": "_initializing",
              "type": "t_bool",
              "src": "@openzeppelin/contracts-upgradeable/proxy/utils/Initializable.sol:73",
              "offset": 8,
              "slot": "0"
            }
          ]
        }
      }
    }
  }
}
