{
  "manifestVersion": "3.2",
  "admin": {
    "address": "0xf18B9390B16366e35D6D895F63e1a0395a76FddA",
    "txHash": "0x5907b11aa04b72b2e18260f13953e2db1c045749fd2579d825aeb29bf3893388"
  },
  "proxies": [
    {
      "address": "0x5D2f1dE4Deb4d4d5ebb0204F77f8EF7E53D1d948",
      "txHash": "0xb2b2f190901b74a4aab3bc0b75b7eebe4ce2f6d799a2e2545c4bd869e7e7fcee",
      "kind": "transparent"
    }
  ],
  "impls": {
    "58a4a4ce6c4d6038902284dfb469539d258f652565aa4fe4905418d82a2958e4": {
      "address": "0xFed89d53C0A4ED0c5FF78f1c6D9c91e9a6101df3",
      "txHash": "0xdedb889ad07a535d8b07889b20bd79cf611ce905680a7c08d02bda9cb8d6b6dd",
      "layout": {
        "solcVersion": "0.8.19",
        "storage": [
          {
            "label": "val",
            "offset": 0,
            "slot": "0",
            "type": "t_uint256",
            "contract": "Box",
            "src": "contracts/Box.sol:13"
          }
        ],
        "types": {
          "t_uint256": {
            "label": "uint256",
            "numberOfBytes": "32"
          }
        }
      }
    }
  }
}
