{
  "extends": "solhint:recommended",
  "rules": {
    "compiler-version": ["error", ">=0.8.0"],
    "no-unused-vars": "error",
    "const-name-snakecase": "error",
    "contract-name-camelcase": "error",
    "event-name-camelcase": "error",
    "func-name-mixedcase": "error",
    "func-param-name-mixedcase": "error",
    "modifier-name-mixedcase": "error",
    "private-vars-leading-underscore": "error",
    "var-name-mixedcase": "warn",
    "imports-on-top": "error",
    "no-unused-import": "error",
    "avoid-low-level-calls": "off",
    "code-complexity": ["error", 7],
    "reason-string": [
      "warn",
      {
        "maxLength": 50
      }
    ],
    "func-visibility": [
      "warn",
      {
        "ignoreConstructors": true
      }
    ]
  }
}
