{
  "version": "0.2",
  "ignorePaths": [
    "**/*.json",
    "**/*.log",
    "**/*.svg",
    "**/*.lock",
    "**/test/*",
    "**/lib/*",
    "**/interfaces/*",
    "**/dist/*",
    "**/cspell.json",
    "**/node_modules/**"
  ],
  "readonly": true,
  "useGitignore": true,
  "enableFiletypes": ["solidity"],
  "words": [
    "tokenomics",
    "unpauser",
    "susde",
    "ethena",
    "usde",
    "rvault",
    "ratet",
    "rewardaccrualbase",
    "timeframe",
    "tokenomic",
    "yielddata",
    "usualx",
    "unwhitelist",
    "usualp",
    "usualpp",
    "lltv",
    "SDYF",
    "SDAI",
    "aliceus",
    "lucide",
    "tanstack",
    "Blacklistable",
    "blacklister",
    "Stableswap",
    "offpeg",
    "IUSDC",
    "prng",
    "transferfrom",
    "bips",
    "FFTX",
    "TFRFU",
    "IUSYC",
    "IUSDT",
    "staticcall",
    "USDRWA",
    "mstore",
    "ABDK",
    "abstractoracle",
    "usualoracle",
    "!Usualdao",
    "Lsaus",
    "LSAUSUSD",
    "lsausd",
    "Fsaus",
    "RWA",
    "RWAS",
    "UUPS",
    "Initializable",
    "IUSDC",
    "dao",
    "usDAO",
    "plusDAO",
    "stus",
    "lusDAO",
    "fusDAO",
    "lps",
    "Lp",
    "usUSD",
    "usLp",
    "uSLP",
    "usTB",
    "USTB",
    "token",
    "Token",
    "stbc",
    "stbcs",
    "Stbcs",
    "STBC",
    "RUSD",
    "rususd",
    "REUR",
    "sus",
    "Sus",
    "mmft",
    "mmfts",
    "TFRU",
    "FFTRU",
    "TFRE",
    "FFTFRU",
    "Merkle",
    "strlen",
    "Tokeny",
    "tobam",
    "TOBAM",
    "IPFS",
    "transferring",
    "transferred",
    "lastlook",
    "posthook",
    "repost",
    "reposted",
    "wggives",
    "gasreq",
    "gasleft",
    "gasbase",
    "GasReq",
    "Strat",
    "strat",
    "strats",
    "calldatas",
    "Satoshi",
    "aave",
    "AAVE",
    "Agos",
    "Aurelou",
    "Bahs",
    "Bokky",
    "Bytecode",
    "Chainlink",
    "Consts",
    "Cpath",
    "Cumulatives",
    "cooldown",
    "depegged",
    "FFTFRU",
    "FFTRU",
    "FRAX",
    "Funcs",
    "forceApprove",
    "Gelato",
    "Hashnote",
    "IERC",
    "IPFS",
    "Immer",
    "Initializable",
    "Inpage",
    "JSBI",
    "LUSD",
    "Lp",
    "Liquity",
    "Merkle",
    "Mintable",
    "Pausable",
    "Pyth",
    "Qmanager",
    "Ragequit",
    "ragequit",
    "ragequitting",
    "ragequits",
    "ragequitted",
    "Rarible",
    "Reentrancy",
    "STBC",
    "Sablier",
    "Satoshi",
    "Shouldset",
    "Sighash",
    "SjymJ5maJ4",
    "viem",
    "Stbcs",
    "Sus",
    "CBR",
    "subvalue",
    "superbold",
    "Scriptable",
    "chartjs",
    "Tellor",
    "TFRE",
    "TFRFU",
    "TFRU",
    "TOBAM",
    "TYPEHASH",
    "Token",
    "Tokeny",
    "USTB",
    "UUPS",
    "unvest",
    "unstake",
    "Unstake",
    "unstaked",
    "Upgradability",
    "UsLp",
    "USYC",
    "Vitalik",
    "arbitrum",
    "bignumber",
    "buildhome",
    "bytecode",
    "calldata",
    "calldatacopy",
    "calldataload",
    "calldatas",
    "calldatasize",
    "celo",
    "chainid",
    "coef",
    "collateralized",
    "commitlint",
    "connectkit",
    "crytic",
    "dao",
    "dateutils",
    "delegatecall",
    "depeg",
    "dryrun",
    "ethersproject",
    "extcode",
    "extcodecopy",
    "extcodehash",
    "extcodesize",
    "mmft",
    "mmfts",
    "habemus",
    "hasnt",
    "heco",
    "iefix",
    "implementat",
    "incentivized",
    "inheritdoc",
    "jsbi",
    "JSBI",
    "kandel",
    "keccak",
    "lps",
    "lusDAO",
    "masterchef",
    "metapool",
    "metapools",
    "mintings",
    "mixedcase",
    "mload",
    "moonbase",
    "moonriver",
    "muldiv",
    "muldivs",
    "swapperengine",
    "newuri",
    "nextjs",
    "ntype",
    "opentype",
    "plusDAO",
    "Permissioned",
    "proto",
    "psender",
    "registrycontract",
    "retdata",
    "returndata",
    "returndatacopy",
    "returndatasize",
    "rpcutil",
    "rustup",
    "Sablier",
    "reprovision",
    "setu",
    "Shouldset",
    "Sighash",
    "significand",
    "SjymJ5maJ4",
    "solhint",
    "stabilitate",
    "stablecoins",
    "starkware",
    "stbc",
    "stbcs",
    "strlen",
    "staker",
    "struct",
    "structs",
    "sus",
    "sushiswap",
    "svgs",
    "testenv",
    "timelock",
    "timelock",
    "tippyjs",
    "tlsv",
    "tobam",
    "token",
    "tokenmapping",
    "truetype",
    "turbotrace",
    "twap",
    "typechain",
    "uSLP",
    "uncollateralized",
    "usDAO",
    "usualtokenwrapper",
    "usLp",
    "usTB",
    "usedapp",
    "unvested",
    "Vitalik",
    "Vladimirov",
    "wagmi",
    "webp",
    "weis",
    "xdai",
    "secp256k1",
    "refactor",
    "abitype",
    "prepareis",
    "dont",
    "subvalue",
    "Datas",
    "Scriptable",
    "chartjs",
    "superbold",
    "ultrabold",
    "OMMF",
    "OUSD",
    "Constants",
    "FunctionName",
    "concat",
    "USDPP",
    "USUALSP",
    "USUALSTAR",
    "USUALX",
    "reinitializer",
    "Multicall",
    "SEPOLIA",
    "Curvepool",
    "cromulent",
    "whitelister",
    "blacklister",
    "PARUSD",
    "natspec",
    "initalizer",
    "testunlock",
    "aint",
    "unblacklisted",
    "hexagate",
    "Spearbit",
    "doesnt",
    "STARTDATE",
    "timewarp",
    "tokenomics",
    "gasgolfing",
    "offchain",
    "θtarget",
    "θt",
    "updatei",
    "calculatei",
    "adjustedi",
    "geti",
    "θt",
    "USDTB",
    "MINTCAP",
    "Usdtb",
    "STETH",
    "WSTETH",
    "pricefeed",
    "collateralization" 
  ],
  "language": "en-US"
}
