[
    {
        "filename": "test/invariants/LenderHarness.sol",
        "contract": "LenderHarness",
        "sourceroot": ".",
        "solc": "/Users/haydenshively/.svm/0.8.17/solc-0.8.17",
        "solc-optimize": true,
        "num-mutants": 7,
        "solc-remappings": [
            "ds-test=lib/forge-std/lib/ds-test/src/",
            "forge-std=lib/forge-std/src/",
            "clones-with-immutable-args=lib/clones-with-immutable-args/src/",
            "openzeppelin-contracts=lib/openzeppelin-contracts/",
            "solady=lib/solady/src/",
            "solmate=lib/solmate/src/",
            "v3-core=lib/v3-core/"
        ]
    }
]
